發生年度,發生月份,發生日期,發生時間,事故類別名稱,處理單位名稱警局層,發生地點,天候名稱,光線名稱,道路類別-第1當事者-名稱,速限-第1當事者,道路型態大類別名稱,道路型態子類別名稱,事故位置大類別名稱,事故位置子類別名稱,路面狀況-路面鋪裝名稱,路面狀況-路面狀態名稱,路面狀況-路面缺陷名稱,道路障礙-障礙物名稱,道路障礙-視距品質名稱,道路障礙-視距名稱,號誌-號誌種類名稱,號誌-號誌動作名稱,車道劃分設施-分向設施大類別名稱,車道劃分設施-分向設施子類別名稱,車道劃分設施-分道設施-快車道或一般車道間名稱,車道劃分設施-分道設施-快慢車道間名稱,車道劃分設施-分道設施-路面邊線名稱,事故類型及型態大類別名稱,事故類型及型態子類別名稱,肇因研判大類別名稱-主要,肇因研判子類別名稱-主要,死亡受傷人數,當事者順位,當事者區分-類別-大類別名稱-車種,當事者區分-類別-子類別名稱-車種,當事者屬-性-別名稱,當事者事故發生時年齡,保護裝備名稱,行動電話或電腦或其他相類功能裝置名稱,當事者行動狀態大類別名稱,當事者行動狀態子類別名稱,車輛撞擊部位大類別名稱-最初,車輛撞擊部位子類別名稱-最初,車輛撞擊部位大類別名稱-其他,車輛撞擊部位子類別名稱-其他,肇因研判大類別名稱-個別,肇因研判子類別名稱-個別,肇事逃逸類別名稱-是否肇逃,經度,緯度
2025,1,20250101,11111,A2,屏東縣政府警察局,屏東縣屏東市中正路818號前0.0公尺附近,晴,有照明且開啟,市區道路,40,單路部分,直路,路段,快車道,柏油,乾燥,無缺陷,無障礙物,無遮蔽物,良好,行車管制號誌,正常,雙向禁止超車線,無標記,未繪設車道線,快慢車道分隔線,有,車與車,追撞,駕駛者,未保持行車安全距離,死亡0;受傷1,1,機車,普通重型,男,20,戴非半罩式安全帽,未使用,車的狀態,向前直行中,機車與自行車,前車頭,,,駕駛者,未保持行車安全距離,否,120.501769,22.69204
2025,1,20250101,11111,A2,屏東縣政府警察局,屏東縣屏東市中正路818號前0.0公尺附近,晴,有照明且開啟,市區道路,40,單路部分,直路,路段,快車道,柏油,乾燥,無缺陷,無障礙物,無遮蔽物,良好,行車管制號誌,正常,雙向禁止超車線,無標記,未繪設車道線,快慢車道分隔線,有,車與車,追撞,駕駛者,未保持行車安全距離,死亡0;受傷1,2,小客車(含客、貨兩用),租賃車,女,43,繫安全帶(使用幼童安全椅),未使用,車的狀態,向前直行中,汽車,左後車尾(身),,,無(車輛駕駛者因素),尚未發現肇事因素,否,120.501769,22.69204
2025,1,20250101,11111,A2,屏東縣政府警察局,屏東縣屏東市中正路818號前0.0公尺附近,晴,有照明且開啟,市區道路,40,單路部分,直路,路段,快車道,柏油,乾燥,無缺陷,無障礙物,無遮蔽物,良好,行車管制號誌,正常,雙向禁止超車線,無標記,未繪設車道線,快慢車道分隔線,有,車與車,追撞,駕駛者,未保持行車安全距離,死亡0;受傷1,3,小客車(含客、貨兩用),自用,男,46,繫安全帶(使用幼童安全椅),未使用,車的狀態,等待(引擎未熄火),汽車,左後車尾(身),,,無(車輛駕駛者因素),尚未發現肇事因素,否,120.501769,22.69204
2025,1,20250101,13200,A2,屏東縣政府警察局,屏東縣琉球鄉和平路7號前,晴,無照明,鄉道,30,單路部分,彎曲路及附近,路段,一般車道(未劃分快慢車道),柏油,乾燥,無缺陷,無障礙物,無遮蔽物,良好,無號誌,無號誌,無,無分向設施,未繪設車道線,未繪設快慢車道分隔線,有,車輛本身,衝出路外,駕駛者,酒醉(後)駕駛,死亡0;受傷2,1,機車,普通重型,男,31,不明,不明,車的狀態,向前直行中,機車與自行車,前車頭,,,駕駛者,酒醉(後)駕駛,否,120.372443,22.333676
2025,1,20250101,13200,A2,屏東縣政府警察局,屏東縣琉球鄉和平路7號前,晴,無照明,鄉道,30,單路部分,彎曲路及附近,路段,一般車道(未劃分快慢車道),柏油,乾燥,無缺陷,無障礙物,無遮蔽物,良好,無號誌,無號誌,無,無分向設施,未繪設車道線,未繪設快慢車道分隔線,有,車輛本身,衝出路外,駕駛者,酒醉(後)駕駛,死亡0;受傷2,2,人,,無或物(動物、堆置物),-1,,,,,,,,,無(非車輛駕駛人因素),尚未發現肇事因素,否,120.372443,22.333676
2025,1,20250101,13200,A2,屏東縣政府警察局,屏東縣琉球鄉和平路7號前,晴,無照明,鄉道,30,單路部分,彎曲路及附近,路段,一般車道(未劃分快慢車道),柏油,乾燥,無缺陷,無障礙物,無遮蔽物,良好,無號誌,無號誌,無,無分向設施,未繪設車道線,未繪設快慢車道分隔線,有,車輛本身,衝出路外,駕駛者,酒醉(後)駕駛,死亡0;受傷2,3,人,乘客,男,32,不明,非駕駛人,人的狀態,靜立(止),其他,非汽、機及自行車,,,無(非車輛駕駛人因素),尚未發現肇事因素,否,120.372443,22.333676
2025,1,20250101,13513,A2,屏東縣政府警察局,屏東縣恆春鎮恆西路恆公路路口,陰,有照明且開啟,其他,60,交岔路,四岔路,交叉路口,交叉口附近,柏油,乾燥,無缺陷,無障礙物,無遮蔽物,良好,閃光號誌,正常,中央分向島,寬式(50公分以上),車道線(附標記),快慢車道分隔線,有,車與車,側撞,駕駛者,違反閃光號誌,死亡0;受傷1,1,機車,普通重型,男,58,戴半罩式安全帽,未使用,車的狀態,左轉彎,機車與自行車,後車尾,,,駕駛者,違反閃光號誌,否,120.739756,22.002732
2025,1,20250101,13513,A2,屏東縣政府警察局,屏東縣恆春鎮恆西路恆公路路口,陰,有照明且開啟,其他,60,交岔路,四岔路,交叉路口,交叉口附近,柏油,乾燥,無缺陷,無障礙物,無遮蔽物,良好,閃光號誌,正常,中央分向島,寬式(50公分以上),車道線(附標記),快慢車道分隔線,有,車與車,側撞,駕駛者,違反閃光號誌,死亡0;受傷1,2,小客車(含客、貨兩用),自用,男,27,繫安全帶(使用幼童安全椅),未使用,車的狀態,向前直行中,汽車,左前車頭(身),,,駕駛者,超速駕駛,否,120.739756,22.002732
2025,1,20250101,23100,A2,屏東縣政府警察局,屏東縣屏東市復興路口 / 屏東縣屏東市自立路口,晴,有照明且開啟,市區道路,50,交岔路,四岔路,交叉路口,交叉路口內,柏油,乾燥,無缺陷,無障礙物,無遮蔽物,良好,行車管制號誌,正常,中央分向島,寬式(50公分以上),未繪設車道線,未繪設快慢車道分隔線,有,車與車,其他,駕駛者,左轉彎未依規定,死亡0;受傷3,1,機車,普通重型,男,21,戴非半罩式安全帽,未使用,車的狀態,左轉彎,機車與自行車,左側車身,,,駕駛者,左轉彎未依規定,否,120.488825,22.666259
2025,1,20250101,23100,A2,屏東縣政府警察局,屏東縣屏東市復興路口 / 屏東縣屏東市自立路口,晴,有照明且開啟,市區道路,50,交岔路,四岔路,交叉路口,交叉路口內,柏油,乾燥,無缺陷,無障礙物,無遮蔽物,良好,行車管制號誌,正常,中央分向島,寬式(50公分以上),未繪設車道線,未繪設快慢車道分隔線,有,車與車,其他,駕駛者,左轉彎未依規定,死亡0;受傷3,2,機車,普通重型,男,16,戴非半罩式安全帽,未使用,車的狀態,向前直行中,機車與自行車,前車頭,,,無(車輛駕駛者因素),尚未發現肇事因素,否,120.488825,22.666259
2025,1,20250101,23100,A2,屏東縣政府警察局,屏東縣屏東市復興路口 / 屏東縣屏東市自立路口,晴,有照明且開啟,市區道路,50,交岔路,四岔路,交叉路口,交叉路口內,柏油,乾燥,無缺陷,無障礙物,無遮蔽物,良好,行車管制號誌,正常,中央分向島,寬式(50公分以上),未繪設車道線,未繪設快慢車道分隔線,有,車與車,其他,駕駛者,左轉彎未依規定,死亡0;受傷3,3,人,乘客,女,20,戴非半罩式安全帽,非駕駛人,人的狀態,靜立(止),其他,無撞擊,,,無(非車輛駕駛人因素),尚未發現肇事因素,否,120.488825,22.666259
2025,1,20250101,44700,A2,屏東縣政府警察局,屏東縣屏東市建國路235號前0.0公尺附近,晴,有照明且開啟,市區道路,50,單路部分,直路,路段,慢車道,柏油,乾燥,無缺陷,無障礙物,無遮蔽物,良好,無號誌,無號誌,行車分向線,無標記,車道線(無標記),快慢車道分隔線,有,車與車,追撞,駕駛者,未保持行車安全距離,死亡0;受傷1,1,機車,普通重型,男,22,戴非半罩式安全帽,未使用,車的狀態,向前直行中,機車與自行車,前車頭,,,駕駛者,未保持行車安全距離,否,120.469291,22.659955
2025,1,20250101,44700,A2,屏東縣政府警察局,屏東縣屏東市建國路235號前0.0公尺附近,晴,有照明且開啟,市區道路,50,單路部分,直路,路段,慢車道,柏油,乾燥,無缺陷,無障礙物,無遮蔽物,良好,無號誌,無號誌,行車分向線,無標記,車道線(無標記),快慢車道分隔線,有,車與車,追撞,駕駛者,未保持行車安全距離,死亡0;受傷1,2,小貨車,自用,男,71,繫安全帶(使用幼童安全椅),未使用,車的狀態,向前直行中,汽車,左後車尾(身),,,無(車輛駕駛者因素),尚未發現肇事因素,否,120.469291,22.659955
2025,1,20250101,44700,A2,屏東縣政府警察局,屏東縣屏東市建國路235號前0.0公尺附近,晴,有照明且開啟,市區道路,50,單路部分,直路,路段,慢車道,柏油,乾燥,無缺陷,無障礙物,無遮蔽物,良好,無號誌,無號誌,行車分向線,無標記,車道線(無標記),快慢車道分隔線,有,車與車,追撞,駕駛者,未保持行車安全距離,死亡0;受傷1,3,小客車(含客、貨兩用),自用,男,25,繫安全帶(使用幼童安全椅),未使用,車的狀態,向右變換車道,汽車,右側車身,,,無(車輛駕駛者因素),尚未發現肇事因素,否,120.469291,22.659955
2025,1,20250101,50700,A2,屏東縣政府警察局,屏東縣屏東市建華三街87號前0.0公尺附近,晴,有照明且開啟,市區道路,0,單路部分,直路,其他,人行道,柏油,乾燥,無缺陷,無障礙物,無遮蔽物,良好,無號誌,無號誌,無,無分向設施,未繪設車道線,未繪設快慢車道分隔線,無,車輛本身,路上翻車、摔倒,駕駛者,違反行人專用標誌(線),死亡0;受傷2,1,機車,普通重型,男,19,戴半罩式安全帽,未使用,車的狀態,向前直行中,機車與自行車,左側車身,,,駕駛者,違反行人專用標誌(線),否,120.484568,22.668421
2025,1,20250101,50700,A2,屏東縣政府警察局,屏東縣屏東市建華三街87號前0.0公尺附近,晴,有照明且開啟,市區道路,0,單路部分,直路,其他,人行道,柏油,乾燥,無缺陷,無障礙物,無遮蔽物,良好,無號誌,無號誌,無,無分向設施,未繪設車道線,未繪設快慢車道分隔線,無,車輛本身,路上翻車、摔倒,駕駛者,違反行人專用標誌(線),死亡0;受傷2,2,,,無或物(動物、堆置物),-1,,,,,,,,,無(非車輛駕駛人因素),尚未發現肇事因素,否,120.484568,22.668421
2025,1,20250101,50700,A2,屏東縣政府警察局,屏東縣屏東市建華三街87號前0.0公尺附近,晴,有照明且開啟,市區道路,0,單路部分,直路,其他,人行道,柏油,乾燥,無缺陷,無障礙物,無遮蔽物,良好,無號誌,無號誌,無,無分向設施,未繪設車道線,未繪設快慢車道分隔線,無,車輛本身,路上翻車、摔倒,駕駛者,違反行人專用標誌(線),死亡0;受傷2,3,人,乘客,女,16,戴半罩式安全帽,非駕駛人,人的狀態,其他,其他,非汽、機及自行車,,,無(非車輛駕駛人因素),尚未發現肇事因素,否,120.484568,22.668421
2025,1,20250101,71500,A2,屏東縣政府警察局,屏東縣獅子鄉縣199線 6公里300.0公尺處,陰,無照明,縣道,30,單路部分,彎曲路及附近,路段,一般車道(未劃分快慢車道),柏油,濕潤,無缺陷,無障礙物,無遮蔽物,良好,無號誌,無號誌,雙向禁止超車線,無標記,未繪設車道線,未繪設快慢車道分隔線,有,車輛本身,撞電桿,其他,車輛或機械操作不當(慎),死亡0;受傷1,1,機車,普通重型,男,19,戴半罩式安全帽,未使用,車的狀態,向前直行中,機車與自行車,前車頭,,,其他,車輛或機械操作不當(慎),否,120.828521,22.167504
2025,1,20250101,71500,A2,屏東縣政府警察局,屏東縣獅子鄉縣199線 6公里300.0公尺處,陰,無照明,縣道,30,單路部分,彎曲路及附近,路段,一般車道(未劃分快慢車道),柏油,濕潤,無缺陷,無障礙物,無遮蔽物,良好,無號誌,無號誌,雙向禁止超車線,無標記,未繪設車道線,未繪設快慢車道分隔線,有,車輛本身,撞電桿,其他,車輛或機械操作不當(慎),死亡0;受傷1,2,,,無或物(動物、堆置物),-1,,,,,,,,,無(非車輛駕駛人因素),尚未發現肇事因素,否,120.828521,22.167504
2025,1,20250101,73000,A2,屏東縣政府警察局,屏東縣牡丹鄉縣199甲線 3公里西側向外側,晴,無照明,縣道,30,單路部分,彎曲路及附近,路段,一般車道(未劃分快慢車道),柏油,乾燥,無缺陷,無障礙物,無遮蔽物,良好,無號誌,無號誌,無,無分向設施,未繪設車道線,未繪設快慢車道分隔線,有,車輛本身,衝出路外,駕駛者,恍神、緊張、心不在焉分心駕駛,死亡0;受傷1,1,機車,大型重型2(250-550C.C.),男,26,戴非半罩式安全帽,未使用,車的狀態,右轉彎,機車與自行車,右側車身,,,駕駛者,恍神、緊張、心不在焉分心駕駛,否,120.807567,22.144357
2025,1,20250101,73000,A2,屏東縣政府警察局,屏東縣牡丹鄉縣199甲線 3公里西側向外側,晴,無照明,縣道,30,單路部分,彎曲路及附近,路段,一般車道(未劃分快慢車道),柏油,乾燥,無缺陷,無障礙物,無遮蔽物,良好,無號誌,無號誌,無,無分向設施,未繪設車道線,未繪設快慢車道分隔線,有,車輛本身,衝出路外,駕駛者,恍神、緊張、心不在焉分心駕駛,死亡0;受傷1,2,,,無或物(動物、堆置物),-1,,,,,,,,,無(非車輛駕駛人因素),尚未發現肇事因素,否,120.807567,22.144357
2025,1,20250101,81000,A2,屏東縣政府警察局,屏東縣恆春鎮新興路與曉南路口,晴,有照明未開啟或故障,市區道路,50,交岔路,四岔路,路段,一般車道(未劃分快慢車道),柏油,乾燥,無缺陷,無障礙物,無遮蔽物,良好,無號誌,無號誌,雙向禁止超車線,無標記,未繪設車道線,未繪設快慢車道分隔線,有,車與車,其他,駕駛者,左轉彎未依規定,死亡0;受傷1,1,機車,普通輕型,女,83,戴半罩式安全帽,未使用,車的狀態,左轉彎,機車與自行車,右側車身,,,駕駛者,左轉彎未依規定,否,120.744777,22.004586
2025,1,20250101,81000,A2,屏東縣政府警察局,屏東縣恆春鎮新興路與曉南路口,晴,有照明未開啟或故障,市區道路,50,交岔路,四岔路,路段,一般車道(未劃分快慢車道),柏油,乾燥,無缺陷,無障礙物,無遮蔽物,良好,無號誌,無號誌,雙向禁止超車線,無標記,未繪設車道線,未繪設快慢車道分隔線,有,車與車,其他,駕駛者,左轉彎未依規定,死亡0;受傷1,2,小客車(含客、貨兩用),自用,男,56,繫安全帶(使用幼童安全椅),未使用,車的狀態,向前直行中,汽車,左前車頭(身),,,駕駛者,未保持行車安全距離,否,120.744777,22.004586
2025,1,20250101,82000,A2,屏東縣政府警察局,屏東縣屏東市台糖三街22巷與台糖八街口,晴,有照明未開啟或故障,市區道路,30,交岔路,四岔路,交叉路口,交叉路口內,柏油,乾燥,無缺陷,無障礙物,有遮蔽物,建築物,無號誌,無號誌,無,無分向設施,未繪設車道線,未繪設快慢車道分隔線,無,車與車,路口交岔撞,駕駛者,無號誌路口，左方車未讓右方車先行,死亡0;受傷2,1,機車,普通重型,男,58,戴非半罩式安全帽,未使用,車的狀態,向前直行中,機車與自行車,右側車身,,,駕駛者,無號誌路口，左方車未讓右方車先行,否,120.494722,22.662706
2025,1,20250101,82000,A2,屏東縣政府警察局,屏東縣屏東市台糖三街22巷與台糖八街口,晴,有照明未開啟或故障,市區道路,30,交岔路,四岔路,交叉路口,交叉路口內,柏油,乾燥,無缺陷,無障礙物,有遮蔽物,建築物,無號誌,無號誌,無,無分向設施,未繪設車道線,未繪設快慢車道分隔線,無,車與車,路口交岔撞,駕駛者,無號誌路口，左方車未讓右方車先行,死亡0;受傷2,2,小客車(含客、貨兩用),自用,男,64,繫安全帶(使用幼童安全椅),未使用,車的狀態,向前直行中,汽車,前車頭,,,駕駛者,酒醉(後)駕駛,否,120.494722,22.662706
2025,1,20250101,82000,A2,屏東縣政府警察局,屏東縣屏東市台糖三街22巷與台糖八街口,晴,有照明未開啟或故障,市區道路,30,交岔路,四岔路,交叉路口,交叉路口內,柏油,乾燥,無缺陷,無障礙物,有遮蔽物,建築物,無號誌,無號誌,無,無分向設施,未繪設車道線,未繪設快慢車道分隔線,無,車與車,路口交岔撞,駕駛者,無號誌路口，左方車未讓右方車先行,死亡0;受傷2,3,人,乘客,女,50,戴非半罩式安全帽,非駕駛人,人的狀態,其他,其他,非汽、機及自行車,,,無(非車輛駕駛人因素),尚未發現肇事因素,否,120.494722,22.662706
2025,1,20250101,91352,A2,屏東縣政府警察局,屏東縣佳冬鄉台1線 429.1公里,晴,有照明未開啟或故障,省道,70,單路部分,直路,路段,慢車道,柏油,乾燥,無缺陷,無障礙物,無遮蔽物,良好,無號誌,無號誌,中央分向島,寬式(50公分以上),車道線(附標記),快慢車道分隔線,有,車與車,追撞,駕駛者,未保持行車安全距離,死亡0;受傷3,1,機車,普通重型,女,19,戴非半罩式安全帽,未使用,車的狀態,向前直行中,機車與自行車,前車頭,,,駕駛者,未保持行車安全距離,否,120.560924,22.444502
2025,1,20250101,91352,A2,屏東縣政府警察局,屏東縣佳冬鄉台1線 429.1公里,晴,有照明未開啟或故障,省道,70,單路部分,直路,路段,慢車道,柏油,乾燥,無缺陷,無障礙物,無遮蔽物,良好,無號誌,無號誌,中央分向島,寬式(50公分以上),車道線(附標記),快慢車道分隔線,有,車與車,追撞,駕駛者,未保持行車安全距離,死亡0;受傷3,2,機車,普通重型,男,19,戴非半罩式安全帽,未使用,車的狀態,向前直行中,機車與自行車,後車尾,,,駕駛者,打瞌睡或疲勞駕駛(包括連續駕車8小時),否,120.560924,22.444502
2025,1,20250101,91352,A2,屏東縣政府警察局,屏東縣佳冬鄉台1線 429.1公里,晴,有照明未開啟或故障,省道,70,單路部分,直路,路段,慢車道,柏油,乾燥,無缺陷,無障礙物,無遮蔽物,良好,無號誌,無號誌,中央分向島,寬式(50公分以上),車道線(附標記),快慢車道分隔線,有,車與車,追撞,駕駛者,未保持行車安全距離,死亡0;受傷3,3,人,乘客,女,16,戴非半罩式安全帽,非駕駛人,人的狀態,其他,其他,非汽、機及自行車,,,無(非車輛駕駛人因素),尚未發現肇事因素,否,120.560924,22.444502
2025,1,20250101,94014,A2,屏東縣政府警察局,屏東縣枋寮鄉中山路三段63號對面,晴,有照明且開啟,其他,40,單路部分,直路,路段,慢車道,柏油,乾燥,無缺陷,無障礙物,無遮蔽物,良好,無號誌,無號誌,中央分向島,寬式(50公分以上),車道線(無標記),快慢車道分隔線,有,車與車,同向擦撞,駕駛者,觀看其他事故、活動、道路環境或車外資訊分心駕駛,死亡0;受傷2,1,機車,普通重型,女,18,戴非半罩式安全帽,未使用,車的狀態,向前直行中,機車與自行車,右側車身,,,駕駛者,觀看其他事故、活動、道路環境或車外資訊分心駕駛,否,120.586533,22.410405
2025,1,20250101,94014,A2,屏東縣政府警察局,屏東縣枋寮鄉中山路三段63號對面,晴,有照明且開啟,其他,40,單路部分,直路,路段,慢車道,柏油,乾燥,無缺陷,無障礙物,無遮蔽物,良好,無號誌,無號誌,中央分向島,寬式(50公分以上),車道線(無標記),快慢車道分隔線,有,車與車,同向擦撞,駕駛者,觀看其他事故、活動、道路環境或車外資訊分心駕駛,死亡0;受傷2,2,機車,普通重型,女,45,戴非半罩式安全帽,未使用,車的狀態,向前直行中,機車與自行車,左側車身,,,無(車輛駕駛者因素),尚未發現肇事因素,否,120.586533,22.410405
2025,1,20250101,94418,A2,屏東縣政府警察局,屏東縣崁頂鄉中興路附近 / 屏東縣崁頂鄉中正路段附近,晴,無照明,村里道路,50,交岔路,三岔路,交叉路口,交叉口附近,柏油,乾燥,無缺陷,無障礙物,無遮蔽物,良好,行車管制號誌,正常,單向禁止超車線,無標記,車道線(無標記),快慢車道分隔線,有,車與車,側撞,駕駛者,無號誌路口，轉彎車未讓直行車先行,死亡0;受傷1,1,小客車(含客、貨兩用),自用,女,36,繫安全帶(使用幼童安全椅),未使用,車的狀態,左轉彎,汽車,右後車尾(身),,,駕駛者,無號誌路口，轉彎車未讓直行車先行,否,120.509878,22.512479
2025,1,20250101,94418,A2,屏東縣政府警察局,屏東縣崁頂鄉中興路附近 / 屏東縣崁頂鄉中正路段附近,晴,無照明,村里道路,50,交岔路,三岔路,交叉路口,交叉口附近,柏油,乾燥,無缺陷,無障礙物,無遮蔽物,良好,行車管制號誌,正常,單向禁止超車線,無標記,車道線(無標記),快慢車道分隔線,有,車與車,側撞,駕駛者,無號誌路口，轉彎車未讓直行車先行,死亡0;受傷1,2,機車,普通重型,男,26,戴半罩式安全帽,未使用,車的狀態,向前直行中,機車與自行車,前車頭,,,無(車輛駕駛者因素),尚未發現肇事因素,否,120.509878,22.512479
2025,1,20250101,100321,A2,屏東縣政府警察局,屏東縣內埔鄉和興村學人路711巷口,晴,無照明,鄉道,40,交岔路,四岔路,交叉路口,交叉口附近,柏油,乾燥,無缺陷,無障礙物,無遮蔽物,良好,無號誌,無號誌,雙向禁止超車線,無標記,未繪設車道線,快慢車道分隔線,有,車與車,其他,駕駛者,右轉彎未依規定,死亡0;受傷1,1,機車,普通重型,女,20,戴非半罩式安全帽,未使用,車的狀態,右轉彎,機車與自行車,前車頭,,,駕駛者,右轉彎未依規定,否,120.564059,22.607538
2025,1,20250101,100321,A2,屏東縣政府警察局,屏東縣內埔鄉和興村學人路711巷口,晴,無照明,鄉道,40,交岔路,四岔路,交叉路口,交叉口附近,柏油,乾燥,無缺陷,無障礙物,無遮蔽物,良好,無號誌,無號誌,雙向禁止超車線,無標記,未繪設車道線,快慢車道分隔線,有,車與車,其他,駕駛者,右轉彎未依規定,死亡0;受傷1,2,機車,普通重型,女,72,戴非半罩式安全帽,未使用,車的狀態,向前直行中,機車與自行車,前車頭,,,無(車輛駕駛者因素),尚未發現肇事因素,否,120.564059,22.607538
2025,1,20250101,101400,A2,屏東縣政府警察局,屏東縣屏東市瑞光路3段口 / 屏東縣屏東市瑞光路3段口,陰,有照明未開啟或故障,市區道路,10,交岔路,三岔路,交叉路口,交叉路口內,柏油,乾燥,無缺陷,無障礙物,無遮蔽物,良好,閃光號誌,正常,中央分向島,寬式(50公分以上),車道線(無標記),未繪設快慢車道分隔線,有,車輛本身,撞動物,無(物或動物),動物竄出,死亡0;受傷1,1,,,無或物(動物、堆置物),-1,,,,,,,,,無(物或動物),動物竄出,否,120.500597,22.695368
2025,1,20250101,101400,A2,屏東縣政府警察局,屏東縣屏東市瑞光路3段口 / 屏東縣屏東市瑞光路3段口,陰,有照明未開啟或故障,市區道路,10,交岔路,三岔路,交叉路口,交叉路口內,柏油,乾燥,無缺陷,無障礙物,無遮蔽物,良好,閃光號誌,正常,中央分向島,寬式(50公分以上),車道線(無標記),未繪設快慢車道分隔線,有,車輛本身,撞動物,無(物或動物),動物竄出,死亡0;受傷1,2,機車,普通重型,男,22,戴非半罩式安全帽,未使用,車的狀態,向前直行中,機車與自行車,左側車身,機車與自行車,左側車身,無(車輛駕駛者因素),尚未發現肇事因素,否,120.500597,22.695368
2025,1,20250101,101400,A2,屏東縣政府警察局,屏東縣屏東市瑞光路3段口 / 屏東縣屏東市瑞光路3段口,陰,有照明未開啟或故障,市區道路,10,交岔路,三岔路,交叉路口,交叉路口內,柏油,乾燥,無缺陷,無障礙物,無遮蔽物,良好,閃光號誌,正常,中央分向島,寬式(50公分以上),車道線(無標記),未繪設快慢車道分隔線,有,車輛本身,撞動物,無(物或動物),動物竄出,死亡0;受傷1,3,人,乘客,女,22,戴非半罩式安全帽,非駕駛人,人的狀態,其他,其他,非汽、機及自行車,其他,非汽、機及自行車,無(非車輛駕駛人因素),尚未發現肇事因素,否,120.500597,22.695368
2025,1,20250101,102300,A2,屏東縣政府警察局,屏東縣東港鎮新勝街116號前,晴,有照明未開啟或故障,村里道路,50,單路部分,直路,路段,一般車道(未劃分快慢車道),柏油,乾燥,無缺陷,無障礙物,無遮蔽物,良好,無號誌,無號誌,雙向禁止超車線,無標記,未繪設車道線,未繪設快慢車道分隔線,有,車與車,追撞,駕駛者,未保持行車安全距離,死亡0;受傷1,1,機車,普通重型,男,21,戴半罩式安全帽,未使用,車的狀態,向前直行中,機車與自行車,前車頭,,,駕駛者,未保持行車安全距離,否,120.452894,22.467387
2025,1,20250101,102300,A2,屏東縣政府警察局,屏東縣東港鎮新勝街116號前,晴,有照明未開啟或故障,村里道路,50,單路部分,直路,路段,一般車道(未劃分快慢車道),柏油,乾燥,無缺陷,無障礙物,無遮蔽物,良好,無號誌,無號誌,雙向禁止超車線,無標記,未繪設車道線,未繪設快慢車道分隔線,有,車與車,追撞,駕駛者,未保持行車安全距離,死亡0;受傷1,2,小客車(含客、貨兩用),自用,女,47,繫安全帶(使用幼童安全椅),未使用,車的狀態,急減速或急停止,汽車,右後車尾(身),,,無(車輛駕駛者因素),尚未發現肇事因素,否,120.452894,22.467387
2025,1,20250101,102504,A2,屏東縣政府警察局,屏東縣鹽埔鄉維新路154號前,晴,有照明未開啟或故障,村里道路,50,交岔路,三岔路,交叉路口,交叉口附近,柏油,乾燥,無缺陷,無障礙物,無遮蔽物,良好,行車管制號誌,正常,雙向禁止超車線,無標記,禁止變換車道線(無標記),未繪設快慢車道分隔線,有,車與車,其他,駕駛者,左轉彎未依規定,死亡0;受傷1,1,機車,普通重型,女,70,戴非半罩式安全帽,未使用,車的狀態,左轉彎,機車與自行車,左側車身,,,駕駛者,左轉彎未依規定,否,120.558097,22.742954
2025,1,20250101,102504,A2,屏東縣政府警察局,屏東縣鹽埔鄉維新路154號前,晴,有照明未開啟或故障,村里道路,50,交岔路,三岔路,交叉路口,交叉口附近,柏油,乾燥,無缺陷,無障礙物,無遮蔽物,良好,行車管制號誌,正常,雙向禁止超車線,無標記,禁止變換車道線(無標記),未繪設快慢車道分隔線,有,車與車,其他,駕駛者,左轉彎未依規定,死亡0;受傷1,2,小客車(含客、貨兩用),租賃車,男,52,繫安全帶(使用幼童安全椅),未使用,車的狀態,向前直行中,汽車,右側車身,,,無(車輛駕駛者因素),尚未發現肇事因素,否,120.558097,22.742954
2025,1,20250101,105400,A2,屏東縣政府警察局,屏東縣獅子鄉台9線 447公里800.0公尺處南側,晴,無照明,省道,40,單路部分,彎曲路及附近,路段,一般車道(未劃分快慢車道),柏油,乾燥,無缺陷,無障礙物,無遮蔽物,良好,無號誌,無號誌,雙向禁止超車線,附標記,未繪設車道線,未繪設快慢車道分隔線,有,車與車,對向擦撞,駕駛者,違反禁止超車標誌(線),死亡0;受傷1,1,機車,普通重型,男,20,戴非半罩式安全帽,未使用,車的狀態,向前直行中,機車與自行車,前車頭,,,駕駛者,違反禁止超車標誌(線),否,120.760802,22.210943
2025,1,20250101,105400,A2,屏東縣政府警察局,屏東縣獅子鄉台9線 447公里800.0公尺處南側,晴,無照明,省道,40,單路部分,彎曲路及附近,路段,一般車道(未劃分快慢車道),柏油,乾燥,無缺陷,無障礙物,無遮蔽物,良好,無號誌,無號誌,雙向禁止超車線,附標記,未繪設車道線,未繪設快慢車道分隔線,有,車與車,對向擦撞,駕駛者,違反禁止超車標誌(線),死亡0;受傷1,2,小客車(含客、貨兩用),自用,男,30,繫安全帶(使用幼童安全椅),未使用,車的狀態,向前直行中,汽車,左前車頭(身),,,無(車輛駕駛者因素),尚未發現肇事因素,否,120.760802,22.210943
2025,1,20250101,112000,A2,屏東縣政府警察局,屏東縣東港鎮大利路三段與興中東三街口,晴,有照明且開啟,村里道路,30,交岔路,三岔路,交叉路口,交叉路口內,柏油,乾燥,無缺陷,無障礙物,無遮蔽物,良好,無號誌,無號誌,無,無分向設施,未繪設車道線,未繪設快慢車道分隔線,有,車與車,側撞,駕駛者,無號誌路口，支線道未讓幹線道先行,死亡0;受傷1,1,小客車(含客、貨兩用),自用,女,51,繫安全帶(使用幼童安全椅),未使用,車的狀態,左轉彎,汽車,左前車頭(身),,,駕駛者,無號誌路口，支線道未讓幹線道先行,否,120.468564,22.474635
2025,1,20250101,112000,A2,屏東縣政府警察局,屏東縣東港鎮大利路三段與興中東三街口,晴,有照明且開啟,村里道路,30,交岔路,三岔路,交叉路口,交叉路口內,柏油,乾燥,無缺陷,無障礙物,無遮蔽物,良好,無號誌,無號誌,無,無分向設施,未繪設車道線,未繪設快慢車道分隔線,有,車與車,側撞,駕駛者,無號誌路口，支線道未讓幹線道先行,死亡0;受傷1,2,機車,普通重型,女,40,戴半罩式安全帽,未使用,車的狀態,向前直行中,機車與自行車,前車頭,,,駕駛者,未依規定減速,否,120.468564,22.474635
2025,1,20250101,115400,A2,屏東縣政府警察局,屏東縣恆春鎮恆南、湖內路口,晴,有照明未開啟或故障,村里道路,30,交岔路,四岔路,交叉路口,交叉路口內,柏油,乾燥,無缺陷,無障礙物,無遮蔽物,良好,無號誌,無號誌,雙向禁止超車線,無標記,未繪設車道線,快慢車道分隔線,有,車與車,路口交岔撞,駕駛者,無號誌路口，支線道未讓幹線道先行,死亡0;受傷1,1,小客車(含客、貨兩用),自用,男,70,繫安全帶(使用幼童安全椅),未使用,車的狀態,向前直行中,汽車,右側車身,,,駕駛者,無號誌路口，支線道未讓幹線道先行,否,120.7472,21.991726
2025,1,20250101,115400,A2,屏東縣政府警察局,屏東縣恆春鎮恆南、湖內路口,晴,有照明未開啟或故障,村里道路,30,交岔路,四岔路,交叉路口,交叉路口內,柏油,乾燥,無缺陷,無障礙物,無遮蔽物,良好,無號誌,無號誌,雙向禁止超車線,無標記,未繪設車道線,快慢車道分隔線,有,車與車,路口交岔撞,駕駛者,無號誌路口，支線道未讓幹線道先行,死亡0;受傷1,2,機車,普通重型,女,21,戴非半罩式安全帽,未使用,車的狀態,向前直行中,機車與自行車,前車頭,,,無(車輛駕駛者因素),尚未發現肇事因素,否,120.7472,21.991726
2025,1,20250101,124300,A2,屏東縣政府警察局,屏東縣東港鎮新生二路42之1號,晴,無照明,村里道路,40,單路部分,直路,路段,一般車道(未劃分快慢車道),柏油,乾燥,無缺陷,無障礙物,無遮蔽物,良好,無號誌,無號誌,行車分向線,無標記,未繪設車道線,未繪設快慢車道分隔線,有,車輛本身,撞動物,無(車輛駕駛者因素),尚未發現肇事因素,死亡0;受傷1,1,機車,普通重型,女,60,戴非半罩式安全帽,未使用,車的狀態,向前直行中,機車與自行車,前車頭,,,無(車輛駕駛者因素),尚未發現肇事因素,否,120.445297,22.467018
2025,1,20250101,124300,A2,屏東縣政府警察局,屏東縣東港鎮新生二路42之1號,晴,無照明,村里道路,40,單路部分,直路,路段,一般車道(未劃分快慢車道),柏油,乾燥,無缺陷,無障礙物,無遮蔽物,良好,無號誌,無號誌,行車分向線,無標記,未繪設車道線,未繪設快慢車道分隔線,有,車輛本身,撞動物,無(車輛駕駛者因素),尚未發現肇事因素,死亡0;受傷1,2,,,無或物(動物、堆置物),-1,,,,,,,,,無(物或動物),動物竄出,否,120.445297,22.467018
2025,1,20250101,125000,A2,屏東縣政府警察局,屏東縣鹽埔鄉民意路54之26號,晴,有照明未開啟或故障,村里道路,30,單路部分,直路,路段,一般車道(未劃分快慢車道),柏油,乾燥,無缺陷,無障礙物,無遮蔽物,良好,無號誌,無號誌,無,無分向設施,未繪設車道線,未繪設快慢車道分隔線,有,車輛本身,路上翻車、摔倒,駕駛者,患病或服用藥物(疲勞)駕駛,死亡0;受傷1,1,機車,普通重型,男,76,戴非半罩式安全帽,未使用,車的狀態,向前直行中,其他,無撞擊,,,駕駛者,患病或服用藥物(疲勞)駕駛,否,120.549284,22.765253
2025,1,20250101,125000,A2,屏東縣政府警察局,屏東縣鹽埔鄉民意路54之26號,晴,有照明未開啟或故障,村里道路,30,單路部分,直路,路段,一般車道(未劃分快慢車道),柏油,乾燥,無缺陷,無障礙物,無遮蔽物,良好,無號誌,無號誌,無,無分向設施,未繪設車道線,未繪設快慢車道分隔線,有,車輛本身,路上翻車、摔倒,駕駛者,患病或服用藥物(疲勞)駕駛,死亡0;受傷1,2,,,無或物(動物、堆置物),-1,,,,,,,,,無(非車輛駕駛人因素),尚未發現肇事因素,否,120.549284,22.765253
2025,1,20250101,130000,A2,屏東縣政府警察局,屏東縣潮州鎮三進六巷與明仁巷口,晴,有照明未開啟或故障,市區道路,30,交岔路,四岔路,交叉路口,交叉路口內,柏油,乾燥,無缺陷,無障礙物,無遮蔽物,良好,無號誌,無號誌,無,無分向設施,未繪設車道線,未繪設快慢車道分隔線,有,車與車,路口交岔撞,駕駛者,其他未依規定讓車,死亡0;受傷3,1,機車,普通重型,女,19,戴非半罩式安全帽,未使用,車的狀態,向前直行中,機車與自行車,前車頭,,,駕駛者,其他未依規定讓車,否,120.540925,22.554271
2025,1,20250101,130000,A2,屏東縣政府警察局,屏東縣潮州鎮三進六巷與明仁巷口,晴,有照明未開啟或故障,市區道路,30,交岔路,四岔路,交叉路口,交叉路口內,柏油,乾燥,無缺陷,無障礙物,無遮蔽物,良好,無號誌,無號誌,無,無分向設施,未繪設車道線,未繪設快慢車道分隔線,有,車與車,路口交岔撞,駕駛者,其他未依規定讓車,死亡0;受傷3,2,機車,普通重型,男,22,戴非半罩式安全帽,未使用,車的狀態,向前直行中,機車與自行車,前車頭,,,駕駛者,未依規定減速,否,120.540925,22.554271
2025,1,20250101,130000,A2,屏東縣政府警察局,屏東縣潮州鎮三進六巷與明仁巷口,晴,有照明未開啟或故障,市區道路,30,交岔路,四岔路,交叉路口,交叉路口內,柏油,乾燥,無缺陷,無障礙物,無遮蔽物,良好,無號誌,無號誌,無,無分向設施,未繪設車道線,未繪設快慢車道分隔線,有,車與車,路口交岔撞,駕駛者,其他未依規定讓車,死亡0;受傷3,3,人,乘客,女,20,戴非半罩式安全帽,非駕駛人,人的狀態,其他,其他,非汽、機及自行車,,,非駕駛者,其他引起事故之疏失或行為,否,120.540925,22.554271
2025,1,20250101,132815,A2,屏東縣政府警察局,屏東縣東港鎮沿海路280之8號,晴,無照明,村里道路,30,交岔路,三岔路,交叉路口,交叉口附近,柏油,乾燥,無缺陷,無障礙物,有遮蔽物,建築物,無號誌,無號誌,無,無分向設施,未繪設車道線,未繪設快慢車道分隔線,有,車與車,側撞,駕駛者,其他未依規定讓車,死亡0;受傷2,1,機車,普通重型,女,47,戴非半罩式安全帽,未使用,車的狀態,左轉彎,機車與自行車,前車頭,,,駕駛者,其他未依規定讓車,否,120.462542,22.475424
2025,1,20250101,132815,A2,屏東縣政府警察局,屏東縣東港鎮沿海路280之8號,晴,無照明,村里道路,30,交岔路,三岔路,交叉路口,交叉口附近,柏油,乾燥,無缺陷,無障礙物,有遮蔽物,建築物,無號誌,無號誌,無,無分向設施,未繪設車道線,未繪設快慢車道分隔線,有,車與車,側撞,駕駛者,其他未依規定讓車,死亡0;受傷2,2,機車,普通重型,男,21,戴半罩式安全帽,未使用,車的狀態,向前直行中,機車與自行車,前車頭,,,無(車輛駕駛者因素),尚未發現肇事因素,否,120.462542,22.475424
2025,1,20250101,132815,A2,屏東縣政府警察局,屏東縣東港鎮沿海路280之8號,晴,無照明,村里道路,30,交岔路,三岔路,交叉路口,交叉口附近,柏油,乾燥,無缺陷,無障礙物,有遮蔽物,建築物,無號誌,無號誌,無,無分向設施,未繪設車道線,未繪設快慢車道分隔線,有,車與車,側撞,駕駛者,其他未依規定讓車,死亡0;受傷2,3,小客車(含客、貨兩用),自用,男,44,不明,不明,車的狀態,靜止(引擎熄火),其他,無撞擊,,,駕駛者,違反其他標誌(線)禁制,否,120.462542,22.475424
2025,1,20250101,133100,A2,屏東縣政府警察局,屏東縣里港鄉中山南路與里嶺路口,晴,有照明未開啟或故障,村里道路,50,交岔路,四岔路,交叉路口,交叉路口內,柏油,乾燥,無缺陷,無障礙物,無遮蔽物,良好,行車管制號誌,正常,中央分向島,寬式(50公分以上),禁止變換車道線(無標記),未繪設快慢車道分隔線,有,車與車,其他,駕駛者,左轉彎未依規定,死亡0;受傷1,1,小貨車,自用,女,68,繫安全帶(使用幼童安全椅),未使用,車的狀態,左轉彎,其他,無撞擊,,,駕駛者,左轉彎未依規定,否,120.494204,22.77326
2025,1,20250101,133100,A2,屏東縣政府警察局,屏東縣里港鄉中山南路與里嶺路口,晴,有照明未開啟或故障,村里道路,50,交岔路,四岔路,交叉路口,交叉路口內,柏油,乾燥,無缺陷,無障礙物,無遮蔽物,良好,行車管制號誌,正常,中央分向島,寬式(50公分以上),禁止變換車道線(無標記),未繪設快慢車道分隔線,有,車與車,其他,駕駛者,左轉彎未依規定,死亡0;受傷1,2,機車,普通重型,男,41,戴非半罩式安全帽,未使用,車的狀態,向前直行中,機車與自行車,左側車身,,,其他,車輛或機械操作不當(慎),否,120.494204,22.77326
2025,1,20250101,141900,A2,屏東縣政府警察局,屏東縣內埔鄉科大路1段口 / 屏東縣內埔鄉科大北路,晴,有照明未開啟或故障,市區道路,50,其他,其他,路段,一般車道(未劃分快慢車道),柏油,乾燥,無缺陷,無障礙物,無遮蔽物,良好,無號誌,無號誌,中央分向島,寬式(50公分以上),車道線(無標記),未繪設快慢車道分隔線,有,車與車,其他,駕駛者,右轉彎未依規定,死亡0;受傷2,1,小客車(含客、貨兩用),自用,女,21,繫安全帶(使用幼童安全椅),未使用,車的狀態,右轉彎,其他,無撞擊,,,駕駛者,右轉彎未依規定,否,120.588349,22.634617
2025,1,20250101,141900,A2,屏東縣政府警察局,屏東縣內埔鄉科大路1段口 / 屏東縣內埔鄉科大北路,晴,有照明未開啟或故障,市區道路,50,其他,其他,路段,一般車道(未劃分快慢車道),柏油,乾燥,無缺陷,無障礙物,無遮蔽物,良好,無號誌,無號誌,中央分向島,寬式(50公分以上),車道線(無標記),未繪設快慢車道分隔線,有,車與車,其他,駕駛者,右轉彎未依規定,死亡0;受傷2,2,機車,普通重型,女,19,戴半罩式安全帽,未使用,車的狀態,向前直行中,其他,無撞擊,,,駕駛者,恍神、緊張、心不在焉分心駕駛,否,120.588349,22.634617
2025,1,20250101,141900,A2,屏東縣政府警察局,屏東縣內埔鄉科大路1段口 / 屏東縣內埔鄉科大北路,晴,有照明未開啟或故障,市區道路,50,其他,其他,路段,一般車道(未劃分快慢車道),柏油,乾燥,無缺陷,無障礙物,無遮蔽物,良好,無號誌,無號誌,中央分向島,寬式(50公分以上),車道線(無標記),未繪設快慢車道分隔線,有,車與車,其他,駕駛者,右轉彎未依規定,死亡0;受傷2,3,人,乘客,男,20,戴半罩式安全帽,非駕駛人,人的狀態,其他,其他,非汽、機及自行車,,,無(非車輛駕駛人因素),尚未發現肇事因素,否,120.588349,22.634617
2025,1,20250101,143500,A2,屏東縣政府警察局,屏東縣東港鎮沿海路1號前,晴,有照明未開啟或故障,村里道路,50,交岔路,四岔路,交叉路口,交叉路口內,柏油,乾燥,無缺陷,無障礙物,無遮蔽物,良好,行車管制號誌,正常,中央分向島,寬式(50公分以上),禁止變換車道線(附標記),未繪設快慢車道分隔線,有,車與車,路口交岔撞,駕駛者,闖紅燈直行,死亡0;受傷3,1,機車,普通重型,男,18,戴半罩式安全帽,未使用,車的狀態,向前直行中,機車與自行車,前車頭,,,駕駛者,闖紅燈直行,否,120.461913,22.462637
2025,1,20250101,143500,A2,屏東縣政府警察局,屏東縣東港鎮沿海路1號前,晴,有照明未開啟或故障,村里道路,50,交岔路,四岔路,交叉路口,交叉路口內,柏油,乾燥,無缺陷,無障礙物,無遮蔽物,良好,行車管制號誌,正常,中央分向島,寬式(50公分以上),禁止變換車道線(附標記),未繪設快慢車道分隔線,有,車與車,路口交岔撞,駕駛者,闖紅燈直行,死亡0;受傷3,2,機車,普通重型,女,47,戴半罩式安全帽,未使用,車的狀態,向前直行中,機車與自行車,前車頭,,,駕駛者,酒醉(後)駕駛,否,120.461913,22.462637
2025,1,20250101,143500,A2,屏東縣政府警察局,屏東縣東港鎮沿海路1號前,晴,有照明未開啟或故障,村里道路,50,交岔路,四岔路,交叉路口,交叉路口內,柏油,乾燥,無缺陷,無障礙物,無遮蔽物,良好,行車管制號誌,正常,中央分向島,寬式(50公分以上),禁止變換車道線(附標記),未繪設快慢車道分隔線,有,車與車,路口交岔撞,駕駛者,闖紅燈直行,死亡0;受傷3,3,人,乘客,女,18,戴半罩式安全帽,非駕駛人,人的狀態,其他,其他,非汽、機及自行車,,,無(非車輛駕駛人因素),尚未發現肇事因素,否,120.461913,22.462637
2025,1,20250101,144800,A2,屏東縣政府警察局,屏東縣九如鄉九如路三段566號(報案地),晴,有照明未開啟或故障,村里道路,30,其他,其他,其他,其他,柏油,乾燥,無缺陷,無障礙物,無遮蔽物,良好,無號誌,無號誌,無,無分向設施,未繪設車道線,未繪設快慢車道分隔線,無,車輛本身,路上翻車、摔倒,駕駛者,恍神、緊張、心不在焉分心駕駛,死亡0;受傷1,1,慢車,電動輔助自行車,女,32,其他(無需使用保護裝備之人),未使用,車的狀態,向前直行中,其他,無撞擊,,,駕駛者,恍神、緊張、心不在焉分心駕駛,否,120.493078,22.763409
2025,1,20250101,144800,A2,屏東縣政府警察局,屏東縣九如鄉九如路三段566號(報案地),晴,有照明未開啟或故障,村里道路,30,其他,其他,其他,其他,柏油,乾燥,無缺陷,無障礙物,無遮蔽物,良好,無號誌,無號誌,無,無分向設施,未繪設車道線,未繪設快慢車道分隔線,無,車輛本身,路上翻車、摔倒,駕駛者,恍神、緊張、心不在焉分心駕駛,死亡0;受傷1,2,,,無或物(動物、堆置物),-1,,,,,,,,,無(物或動物),動物竄出,否,120.493078,22.763409
2025,1,20250101,153249,A2,屏東縣政府警察局,屏東縣枋山鄉台26線 2公里600.0公尺處北側,晴,無照明,省道,50,單路部分,直路,路段,一般車道(未劃分快慢車道),柏油,乾燥,無缺陷,無障礙物,無遮蔽物,良好,無號誌,無號誌,中央分向島,寬式(50公分以上),禁止變換車道線(附標記),未繪設快慢車道分隔線,有,車與車,追撞,駕駛者,未保持行車安全距離,死亡0;受傷3,1,小客車(含客、貨兩用),自用,男,30,繫安全帶(使用幼童安全椅),未使用,車的狀態,向前直行中,汽車,前車頭,,,駕駛者,未保持行車安全距離,否,120.691734,22.190929
2025,1,20250101,153249,A2,屏東縣政府警察局,屏東縣枋山鄉台26線 2公里600.0公尺處北側,晴,無照明,省道,50,單路部分,直路,路段,一般車道(未劃分快慢車道),柏油,乾燥,無缺陷,無障礙物,無遮蔽物,良好,無號誌,無號誌,中央分向島,寬式(50公分以上),禁止變換車道線(附標記),未繪設快慢車道分隔線,有,車與車,追撞,駕駛者,未保持行車安全距離,死亡0;受傷3,2,小貨車,自用,男,18,繫安全帶(使用幼童安全椅),未使用,車的狀態,急減速或急停止,汽車,後車尾,汽車,前車頭,無(車輛駕駛者因素),尚未發現肇事因素,否,120.691734,22.190929
2025,1,20250101,153249,A2,屏東縣政府警察局,屏東縣枋山鄉台26線 2公里600.0公尺處北側,晴,無照明,省道,50,單路部分,直路,路段,一般車道(未劃分快慢車道),柏油,乾燥,無缺陷,無障礙物,無遮蔽物,良好,無號誌,無號誌,中央分向島,寬式(50公分以上),禁止變換車道線(附標記),未繪設快慢車道分隔線,有,車與車,追撞,駕駛者,未保持行車安全距離,死亡0;受傷3,3,小客車(含客、貨兩用),自用,男,71,繫安全帶(使用幼童安全椅),未使用,車的狀態,向前直行中,汽車,後車尾,,,無(車輛駕駛者因素),尚未發現肇事因素,否,120.691734,22.190929
2025,1,20250101,153249,A2,屏東縣政府警察局,屏東縣枋山鄉台26線 2公里600.0公尺處北側,晴,無照明,省道,50,單路部分,直路,路段,一般車道(未劃分快慢車道),柏油,乾燥,無缺陷,無障礙物,無遮蔽物,良好,無號誌,無號誌,中央分向島,寬式(50公分以上),禁止變換車道線(附標記),未繪設快慢車道分隔線,有,車與車,追撞,駕駛者,未保持行車安全距離,死亡0;受傷3,4,人,乘客,女,29,繫安全帶(使用幼童安全椅),非駕駛人,人的狀態,其他,其他,非汽、機及自行車,,,無(非車輛駕駛人因素),尚未發現肇事因素,否,120.691734,22.190929
2025,1,20250101,153249,A2,屏東縣政府警察局,屏東縣枋山鄉台26線 2公里600.0公尺處北側,晴,無照明,省道,50,單路部分,直路,路段,一般車道(未劃分快慢車道),柏油,乾燥,無缺陷,無障礙物,無遮蔽物,良好,無號誌,無號誌,中央分向島,寬式(50公分以上),禁止變換車道線(附標記),未繪設快慢車道分隔線,有,車與車,追撞,駕駛者,未保持行車安全距離,死亡0;受傷3,5,人,乘客,女,52,繫安全帶(使用幼童安全椅),非駕駛人,人的狀態,其他,其他,非汽、機及自行車,,,無(非車輛駕駛人因素),尚未發現肇事因素,否,120.691734,22.190929
2025,1,20250101,171400,A2,屏東縣政府警察局,屏東縣潮州鎮台一線與光華路口,晴,有照明未開啟或故障,省道,70,交岔路,四岔路,交叉路口,交叉路口內,柏油,乾燥,無缺陷,無障礙物,無遮蔽物,良好,行車管制號誌,正常,無,無分向設施,未繪設車道線,未繪設快慢車道分隔線,無,車與車,側撞,駕駛者,有號誌路口，轉彎車未讓直行車先行,死亡0;受傷1,1,大貨車,自用,男,35,繫安全帶(使用幼童安全椅),未使用,車的狀態,右轉彎,汽車,右前車頭(身),,,駕駛者,有號誌路口，轉彎車未讓直行車先行,否,120.548732,22.539569
2025,1,20250101,171400,A2,屏東縣政府警察局,屏東縣潮州鎮台一線與光華路口,晴,有照明未開啟或故障,省道,70,交岔路,四岔路,交叉路口,交叉路口內,柏油,乾燥,無缺陷,無障礙物,無遮蔽物,良好,行車管制號誌,正常,無,無分向設施,未繪設車道線,未繪設快慢車道分隔線,無,車與車,側撞,駕駛者,有號誌路口，轉彎車未讓直行車先行,死亡0;受傷1,2,機車,普通重型,男,34,戴非半罩式安全帽,未使用,車的狀態,向前直行中,機車與自行車,前車頭,,,其他,其他不當駕車行為,否,120.548732,22.539569
2025,1,20250101,172200,A2,屏東縣政府警察局,屏東縣新園鄉仙吉路119號,晴,有照明且開啟,市區道路,50,單路部分,直路,路段,快車道,柏油,乾燥,無缺陷,無障礙物,無遮蔽物,良好,行車管制號誌,正常,雙向禁止超車線,無標記,車道線(無標記),快慢車道分隔線,有,車與車,追撞,駕駛者,未保持行車安全距離,死亡0;受傷1,1,小客車(含客、貨兩用),自用,女,67,繫安全帶(使用幼童安全椅),未使用,車的狀態,向前直行中,汽車,前車頭,,,駕駛者,未保持行車安全距離,否,120.462081,22.545354
2025,1,20250101,172200,A2,屏東縣政府警察局,屏東縣新園鄉仙吉路119號,晴,有照明且開啟,市區道路,50,單路部分,直路,路段,快車道,柏油,乾燥,無缺陷,無障礙物,無遮蔽物,良好,行車管制號誌,正常,雙向禁止超車線,無標記,車道線(無標記),快慢車道分隔線,有,車與車,追撞,駕駛者,未保持行車安全距離,死亡0;受傷1,2,小客車(含客、貨兩用),自用,女,40,繫安全帶(使用幼童安全椅),未使用,車的狀態,等待(引擎未熄火),汽車,後車尾,,,無(車輛駕駛者因素),尚未發現肇事因素,否,120.462081,22.545354
2025,1,20250101,172200,A2,屏東縣政府警察局,屏東縣新園鄉仙吉路119號,晴,有照明且開啟,市區道路,50,單路部分,直路,路段,快車道,柏油,乾燥,無缺陷,無障礙物,無遮蔽物,良好,行車管制號誌,正常,雙向禁止超車線,無標記,車道線(無標記),快慢車道分隔線,有,車與車,追撞,駕駛者,未保持行車安全距離,死亡0;受傷1,3,人,乘客,女,11,繫安全帶(使用幼童安全椅),非駕駛人,人的狀態,其他,其他,非汽、機及自行車,,,無(非車輛駕駛人因素),尚未發現肇事因素,否,120.462081,22.545354
2025,1,20250101,172204,A2,屏東縣政府警察局,屏東縣鹽埔鄉德協路與豐隆路口,晴,有照明且開啟,村里道路,50,交岔路,四岔路,交叉路口,交叉路口內,柏油,乾燥,無缺陷,無障礙物,無遮蔽物,良好,行車管制號誌,正常,雙向禁止超車線,無標記,禁止變換車道線(無標記),未繪設快慢車道分隔線,有,車與車,路口交岔撞,駕駛者,闖紅燈直行,死亡0;受傷1,1,機車,普通重型,女,67,戴非半罩式安全帽,未使用,車的狀態,向前直行中,機車與自行車,後車尾,,,駕駛者,闖紅燈直行,否,120.556979,22.739773
2025,1,20250101,172204,A2,屏東縣政府警察局,屏東縣鹽埔鄉德協路與豐隆路口,晴,有照明且開啟,村里道路,50,交岔路,四岔路,交叉路口,交叉路口內,柏油,乾燥,無缺陷,無障礙物,無遮蔽物,良好,行車管制號誌,正常,雙向禁止超車線,無標記,禁止變換車道線(無標記),未繪設快慢車道分隔線,有,車與車,路口交岔撞,駕駛者,闖紅燈直行,死亡0;受傷1,2,小客車(含客、貨兩用),自用,男,71,繫安全帶(使用幼童安全椅),未使用,車的狀態,向前直行中,汽車,前車頭,,,無(車輛駕駛者因素),尚未發現肇事因素,否,120.556979,22.739773
2025,1,20250101,172246,A2,屏東縣政府警察局,屏東縣萬丹鄉萬生村萬新路1660號前0.0公尺附近,晴,有照明且開啟,村里道路,50,交岔路,四岔路,交叉路口,交叉口附近,柏油,乾燥,無缺陷,無障礙物,無遮蔽物,良好,行車管制號誌,正常,雙向禁止超車線,附標記,車道線(無標記),未繪設快慢車道分隔線,有,車與車,側撞,駕駛者,起步時未注意安全,死亡0;受傷1,1,小客車(含客、貨兩用),自用,男,20,繫安全帶(使用幼童安全椅),未使用,車的狀態,起步,汽車,左前車頭(身),,,駕駛者,起步時未注意安全,否,120.489283,22.583833
2025,1,20250101,172246,A2,屏東縣政府警察局,屏東縣萬丹鄉萬生村萬新路1660號前0.0公尺附近,晴,有照明且開啟,村里道路,50,交岔路,四岔路,交叉路口,交叉口附近,柏油,乾燥,無缺陷,無障礙物,無遮蔽物,良好,行車管制號誌,正常,雙向禁止超車線,附標記,車道線(無標記),未繪設快慢車道分隔線,有,車與車,側撞,駕駛者,起步時未注意安全,死亡0;受傷1,2,機車,普通重型,男,67,戴半罩式安全帽,未使用,車的狀態,向前直行中,機車與自行車,右側車身,,,無(車輛駕駛者因素),尚未發現肇事因素,否,120.489283,22.583833
2025,1,20250101,172300,A2,彰化縣警察局,彰化縣線西鄉塭仔村下塭路附近 / 彰化縣線西鄉塭仔村下塭路附近,雨,有照明未開啟或故障,村里道路,30,交岔路,四岔路,交叉路口,交叉路口內,柏油,濕潤,無缺陷,無障礙物,無遮蔽物,良好,無號誌,無號誌,無,無分向設施,未繪設車道線,未繪設快慢車道分隔線,有,車與車,路口交岔撞,駕駛者,無號誌路口，左方車未讓右方車先行,死亡0;受傷1,1,機車,普通重型,女,57,戴非半罩式安全帽,未使用,車的狀態,向前直行中,機車與自行車,右側車身,,,駕駛者,無號誌路口，左方車未讓右方車先行,否,120.465894,24.117716
2025,1,20250101,174000,A2,屏東縣政府警察局,屏東縣屏東市民生東路前0.0公尺,晴,無照明,市區道路,50,交岔路,三岔路,交叉路口,交叉路口內,柏油,乾燥,無缺陷,無障礙物,無遮蔽物,良好,行車管制號誌,正常,中央分向島,寬式(50公分以上),禁止變換車道線(無標記),快慢車道分隔線,有,車與車,側撞,駕駛者,迴轉未依規定,死亡0;受傷1,1,小客車(含客、貨兩用),自用,男,72,繫安全帶(使用幼童安全椅),未使用,車的狀態,迴轉或橫越道路中,汽車,右前車頭(身),,,駕駛者,迴轉未依規定,否,120.513712,22.658499
2025,1,20250101,174000,A2,屏東縣政府警察局,屏東縣屏東市民生東路前0.0公尺,晴,無照明,市區道路,50,交岔路,三岔路,交叉路口,交叉路口內,柏油,乾燥,無缺陷,無障礙物,無遮蔽物,良好,行車管制號誌,正常,中央分向島,寬式(50公分以上),禁止變換車道線(無標記),快慢車道分隔線,有,車與車,側撞,駕駛者,迴轉未依規定,死亡0;受傷1,2,機車,普通重型,男,22,戴半罩式安全帽,未使用,車的狀態,向前直行中,機車與自行車,左側車身,,,其他,其他不當駕車行為,否,120.513712,22.658499
2025,1,20250101,192500,A2,屏東縣政府警察局,屏東縣屏東市中正路、公勤二街,晴,有照明且開啟,市區道路,40,交岔路,四岔路,路段,慢車道,柏油,乾燥,無缺陷,無障礙物,無遮蔽物,良好,行車管制號誌,正常,雙向禁止超車線,無標記,未繪設車道線,寬式快慢車道分隔島(50公分以上),有,車與車,追撞,駕駛者,未保持行車安全距離,死亡0;受傷2,1,機車,普通重型,女,19,戴半罩式安全帽,未使用,車的狀態,向前直行中,機車與自行車,左側車身,,,駕駛者,未保持行車安全距離,否,120.491801,22.681643
2025,1,20250101,192500,A2,屏東縣政府警察局,屏東縣屏東市中正路、公勤二街,晴,有照明且開啟,市區道路,40,交岔路,四岔路,路段,慢車道,柏油,乾燥,無缺陷,無障礙物,無遮蔽物,良好,行車管制號誌,正常,雙向禁止超車線,無標記,未繪設車道線,寬式快慢車道分隔島(50公分以上),有,車與車,追撞,駕駛者,未保持行車安全距離,死亡0;受傷2,2,機車,普通重型,男,74,戴半罩式安全帽,未使用,車的狀態,向前直行中,機車與自行車,右側車身,,,無(車輛駕駛者因素),尚未發現肇事因素,否,120.491801,22.681643
2025,1,20250101,201247,A2,屏東縣政府警察局,屏東縣潮州鎮榮祥路25-2號,晴,有照明且開啟,市區道路,50,單路部分,直路,路段,一般車道(未劃分快慢車道),柏油,乾燥,無缺陷,無障礙物,無遮蔽物,良好,無號誌,無號誌,行車分向線,無標記,車道線(無標記),未繪設快慢車道分隔線,有,車與車,其他,駕駛者,逆向行駛,死亡0;受傷1,1,機車,普通重型,男,-1,戴非半罩式安全帽,未使用,車的狀態,向前直行中,機車與自行車,前車頭,,,駕駛者,逆向行駛,否,120.533885,22.549586
2025,1,20250101,201247,A2,屏東縣政府警察局,屏東縣潮州鎮榮祥路25-2號,晴,有照明且開啟,市區道路,50,單路部分,直路,路段,一般車道(未劃分快慢車道),柏油,乾燥,無缺陷,無障礙物,無遮蔽物,良好,無號誌,無號誌,行車分向線,無標記,車道線(無標記),未繪設快慢車道分隔線,有,車與車,其他,駕駛者,逆向行駛,死亡0;受傷1,2,小客車(含客、貨兩用),自用,男,53,繫安全帶(使用幼童安全椅),未使用,車的狀態,向前直行中,汽車,右前車頭(身),,,無(車輛駕駛者因素),尚未發現肇事因素,否,120.533885,22.549586
2025,1,20250101,201300,A2,屏東縣政府警察局,屏東縣內埔鄉昌宏路179號,晴,有照明且開啟,市區道路,50,交岔路,三岔路,交叉路口,交叉路口內,柏油,乾燥,無缺陷,無障礙物,無遮蔽物,良好,行車管制號誌,正常,行車分向線,無標記,禁止變換車道線(附標記),未繪設快慢車道分隔線,有,車與車,路口交岔撞,駕駛者,起步時未注意安全,死亡0;受傷2,1,機車,普通重型,男,19,戴半罩式安全帽,未使用,車的狀態,起步,機車與自行車,右側車身,,,駕駛者,起步時未注意安全,否,120.577726,22.6169
2025,1,20250101,201300,A2,屏東縣政府警察局,屏東縣內埔鄉昌宏路179號,晴,有照明且開啟,市區道路,50,交岔路,三岔路,交叉路口,交叉路口內,柏油,乾燥,無缺陷,無障礙物,無遮蔽物,良好,行車管制號誌,正常,行車分向線,無標記,禁止變換車道線(附標記),未繪設快慢車道分隔線,有,車與車,路口交岔撞,駕駛者,起步時未注意安全,死亡0;受傷2,2,機車,普通重型,男,27,戴半罩式安全帽,未使用,車的狀態,向前直行中,機車與自行車,左側車身,,,無(車輛駕駛者因素),尚未發現肇事因素,否,120.577726,22.6169
2025,1,20250101,201300,A2,屏東縣政府警察局,屏東縣內埔鄉昌宏路179號,晴,有照明且開啟,市區道路,50,交岔路,三岔路,交叉路口,交叉路口內,柏油,乾燥,無缺陷,無障礙物,無遮蔽物,良好,行車管制號誌,正常,行車分向線,無標記,禁止變換車道線(附標記),未繪設快慢車道分隔線,有,車與車,路口交岔撞,駕駛者,起步時未注意安全,死亡0;受傷2,3,人,乘客,女,20,戴半罩式安全帽,非駕駛人,人的狀態,靜立(止),其他,非汽、機及自行車,,,無(非車輛駕駛人因素),尚未發現肇事因素,否,120.577726,22.6169
2025,1,20250101,202600,A2,屏東縣政府警察局,屏東縣屏東市和生路一段口 / 屏東縣屏東市和生路一段口,陰,有照明且開啟,市區道路,60,交岔路,四岔路,交叉路口,交叉路口內,柏油,乾燥,無缺陷,無障礙物,無遮蔽物,良好,行車管制號誌,正常,中央分向島,寬式(50公分以上),禁止變換車道線(附標記),快慢車道分隔線,有,車與車,側撞,駕駛者,有號誌路口，轉彎車未讓直行車先行,死亡0;受傷1,1,小客車(含客、貨兩用),自用,男,21,繫安全帶(使用幼童安全椅),未使用,車的狀態,右轉彎,汽車,右側車身,,,駕駛者,有號誌路口，轉彎車未讓直行車先行,否,120.498234,22.655171
2025,1,20250101,202600,A2,屏東縣政府警察局,屏東縣屏東市和生路一段口 / 屏東縣屏東市和生路一段口,陰,有照明且開啟,市區道路,60,交岔路,四岔路,交叉路口,交叉路口內,柏油,乾燥,無缺陷,無障礙物,無遮蔽物,良好,行車管制號誌,正常,中央分向島,寬式(50公分以上),禁止變換車道線(附標記),快慢車道分隔線,有,車與車,側撞,駕駛者,有號誌路口，轉彎車未讓直行車先行,死亡0;受傷1,2,機車,普通重型,女,19,戴半罩式安全帽,未使用,車的狀態,向前直行中,機車與自行車,左側車身,,,無(車輛駕駛者因素),尚未發現肇事因素,否,120.498234,22.655171
2025,1,20250101,211600,A2,屏東縣政府警察局,屏東縣屏東市廣東路429號前0.0公尺南側,晴,有照明且開啟,市區道路,50,單路部分,直路,路段,快車道,柏油,乾燥,無缺陷,無障礙物,無遮蔽物,良好,無號誌,無號誌,單向禁止超車線,無標記,未繪設車道線,快慢車道分隔線,有,車與車,側撞,駕駛者,左轉彎未依規定,死亡0;受傷3,1,機車,普通重型,男,50,戴半罩式安全帽,未使用,車的狀態,左轉彎,機車與自行車,後車尾,,,駕駛者,左轉彎未依規定,否,120.4999,22.681968
2025,1,20250101,211600,A2,屏東縣政府警察局,屏東縣屏東市廣東路429號前0.0公尺南側,晴,有照明且開啟,市區道路,50,單路部分,直路,路段,快車道,柏油,乾燥,無缺陷,無障礙物,無遮蔽物,良好,無號誌,無號誌,單向禁止超車線,無標記,未繪設車道線,快慢車道分隔線,有,車與車,側撞,駕駛者,左轉彎未依規定,死亡0;受傷3,2,機車,普通重型,男,29,戴半罩式安全帽,未使用,車的狀態,向前直行中,機車與自行車,前車頭,,,駕駛者,未依規定減速,否,120.4999,22.681968
2025,1,20250101,211600,A2,屏東縣政府警察局,屏東縣屏東市廣東路429號前0.0公尺南側,晴,有照明且開啟,市區道路,50,單路部分,直路,路段,快車道,柏油,乾燥,無缺陷,無障礙物,無遮蔽物,良好,無號誌,無號誌,單向禁止超車線,無標記,未繪設車道線,快慢車道分隔線,有,車與車,側撞,駕駛者,左轉彎未依規定,死亡0;受傷3,3,人,乘客,女,17,戴半罩式安全帽,非駕駛人,人的狀態,其他,其他,非汽、機及自行車,,,無(非車輛駕駛人因素),尚未發現肇事因素,否,120.4999,22.681968
2025,1,20250101,211600,A2,屏東縣政府警察局,屏東縣屏東市廣東路429號前0.0公尺南側,晴,有照明且開啟,市區道路,50,單路部分,直路,路段,快車道,柏油,乾燥,無缺陷,無障礙物,無遮蔽物,良好,無號誌,無號誌,單向禁止超車線,無標記,未繪設車道線,快慢車道分隔線,有,車與車,側撞,駕駛者,左轉彎未依規定,死亡0;受傷3,4,人,乘客,女,24,戴半罩式安全帽,非駕駛人,人的狀態,其他,其他,非汽、機及自行車,,,無(非車輛駕駛人因素),尚未發現肇事因素,否,120.4999,22.681968
2025,1,20250101,215501,A2,屏東縣政府警察局,屏東縣屏東市自由路口 / 屏東縣屏東市公園路口,陰,有照明且開啟,市區道路,50,交岔路,四岔路,交叉路口,交叉路口內,柏油,乾燥,無缺陷,無障礙物,無遮蔽物,良好,行車管制號誌,正常,雙向禁止超車線,無標記,禁止變換車道線(無標記),未繪設快慢車道分隔線,有,車與車,其他,駕駛者,其他未依規定讓車,死亡0;受傷1,1,小客車(含客、貨兩用),自用,女,56,繫安全帶(使用幼童安全椅),未使用,車的狀態,左轉彎,汽車,前車頭,汽車,前車頭,駕駛者,其他未依規定讓車,否,120.495712,22.672763
2025,1,20250101,215501,A2,屏東縣政府警察局,屏東縣屏東市自由路口 / 屏東縣屏東市公園路口,陰,有照明且開啟,市區道路,50,交岔路,四岔路,交叉路口,交叉路口內,柏油,乾燥,無缺陷,無障礙物,無遮蔽物,良好,行車管制號誌,正常,雙向禁止超車線,無標記,禁止變換車道線(無標記),未繪設快慢車道分隔線,有,車與車,其他,駕駛者,其他未依規定讓車,死亡0;受傷1,2,機車,普通重型,男,25,戴非半罩式安全帽,未使用,車的狀態,向前直行中,機車與自行車,前車頭,機車與自行車,前車頭,無(車輛駕駛者因素),尚未發現肇事因素,否,120.495712,22.672763
